﻿Name,Symbol,Last price,Change
Solar Power Inc,SOPW,1.98,-0.06,
Sunset Capital Assets Inc,SNST,2.30,0.10,
Unique Growing Solutions Inc,ALNE,3.25,0.00,
XPEL TECHNOLOGIES,XPLT,3.48,-0.02,
Root9b Technologies Inc,RTNB,1.45,-0.01,
Coronado Biosciences Inc,CNDO,3.84,-0.44,
"Katy Industries, Inc.",KATY,1.70,-0.70,
"Hudson Technologies, Inc.",HDSN,4.10,-0.14,
Quantum Corp,QTM,1.62,-0.05,
"USA Technologies, Inc.",USAT,2.62,-0.04,
Astrotech Corp,ASTC,2.90,-0.13,
Insetco PLC,INC,0.10,0.00,
Sirius XM Holdings Inc.,SIRI,3.83,-0.09,
Uranium Energy Corp.,UEC,1.50,0.00,
Innovative Designs Inc,IVDN,1.30,-0.08,
