﻿<Advertisements>
  <Ad>
    <ImageUrl>images/banner1.jpg</ImageUrl>
    <AlternateText>Banner 1</AlternateText>
  </Ad>
  <Ad>
    <ImageUrl>images/banner2.jpg</ImageUrl>
    <AlternateText>Banner 2</AlternateText>
  </Ad>
  <Ad>
    <ImageUrl>images/banner3.jpg</ImageUrl>
    <AlternateText>Banner 3</AlternateText>
  </Ad>
  <Ad>
    <ImageUrl>images/banner4.jpg</ImageUrl>
    <AlternateText>Banner 4</AlternateText>
  </Ad>
  <Ad>
    <ImageUrl>images/banner5.jpg</ImageUrl>
    <AlternateText>Banner 5</AlternateText>
  </Ad>
</Advertisements>