﻿<Advertisements>
  <Ad>
    <ImageUrl>images/adImages/adImage1.jpg</ImageUrl>
    <AlternateText>Image 1</AlternateText>
  </Ad>
  <Ad>
    <ImageUrl>images/adImages/adImage2.jpg</ImageUrl>
    <AlternateText>Image 2</AlternateText>
  </Ad>
  <Ad>
    <ImageUrl>images/adImages/adImage3.jpg</ImageUrl>
    <AlternateText>Image 3</AlternateText>
  </Ad>
  <Ad>
    <ImageUrl>images/adImages/adImage4.jpg</ImageUrl>
    <AlternateText>Image 4</AlternateText>
  </Ad>
  <Ad>
    <ImageUrl>images/adImages/adImage5.jpg</ImageUrl>
    <AlternateText>Image 5</AlternateText>
  </Ad>
  <Ad>
    <ImageUrl>images/adImages/adImage6.jpg</ImageUrl>
    <AlternateText>Image 6</AlternateText>
  </Ad>
  <Ad>
    <ImageUrl>images/adImages/adImage7.jpg</ImageUrl>
    <AlternateText>Image 7</AlternateText>
  </Ad>
</Advertisements>